{
  "main.des_2": {
    "sounds": [
      "des_2"
    ],
    "category": "player"
  },
  "main.snap": {
    "sounds": [
      "snap"
    ],
    "category": "player"
  },
  "main.desire": {
    "sounds": [
      "desire"
    ],
    "category": "player"
  },
    "main.claws.enable": {
      "category": "player",
      "sounds": [
        "claws_enable"
      ]
    },
    "main.claws.disable": {
      "category": "player",
      "sounds": [
        "claws_disable"
      ]
    },
    "main.claws.slash": {
      "category": "player",
      "sounds": [
        "slash_1",
        "slash_2"
      ]
    },
    "main.wolverine.roll": {
      "category": "player",
      "sounds": [
        "roll"
      ]
    },
  "main.wings_toggle": {
    "sounds": [
      "wings_toggle"
    ],
    "category": "player"
  },
  "main.wings_toggle_reversed": {
    "sounds": [
      "wings_toggle_reversed"
    ],
    "category": "player"
  }
}
