{
  "main.des_2": {
    "sounds": [
      "des_2"
    ],
    "category": "player"
  },
  "main.snap": {
    "sounds": [
      "snap"
    ],
    "category": "player"
  },
  "main.desire": {
    "sounds": [
      "desire"
    ],
    "category": "player"
  },
  "main.wings_toggle": {
    "sounds": [
      "wings_toggle"
    ],
    "category": "player"
  },
  "main.wings_toggle_reversed": {
    "sounds": [
      "wings_toggle_reversed"
    ],
    "category": "player"
  }
}
