{
    "main.des_2": {
        "sounds": [
            "des_2"
        ],
        "category": "player"
    },
    "main.snap": {
        "sounds": [
            "snap"
        ],
        "category": "player"
    },
    "main.desire": {
        "sounds": [
            "desire"
        ],
        "category": "player"
    },
    "main.claws.enable": {
        "category": "player",
        "sounds": [
            "claws_enable"
        ]
    },
    "main.claws.disable": {
        "category": "player",
        "sounds": [
            "claws_disable"
        ]
    },
    "main.claws.slash": {
        "category": "player",
        "sounds": [
            "slash_1",
            "slash_2"
        ]
    },
    "main.wolverine.roll": {
        "category": "player",
        "sounds": [
            "roll"
        ]
    },
    "main.wings_toggle": {
        "sounds": [
            "wings_toggle"
        ],
        "category": "player"
    },
    "main.wings_toggle_reversed": {
        "sounds": [
            "wings_toggle_reversed"
        ],
        "category": "player"
    },
    "main.maestro.grow": {
        "category": "player",
        "sounds": [
            "maestro/grow"
        ]
    },
    "main.maestro.grow.noise": {
        "category": "player",
        "sounds": [
            "maestro/grow_noise"
        ]
    },
    "main.maestro.grow.stop": {
        "category": "player",
        "sounds": [
            "maestro/grow_stop1",
            "maestro/grow_stop2",
            "maestro/grow_stop3",
            "maestro/grow_stop4"
        ]
    },
    "main.maestro.grow.stop.impact": {
        "category": "player",
        "sounds": [
            "maestro/grow_stop_impact"
        ]
    },
    "main.maestro.jump": {
        "category": "player",
        "sounds": [
            "maestro/jump"
        ]
    },
    "main.maestro.punch": {
        "category": "player",
        "sounds": [
            "maestro/punch"
        ]
    },
    "main.maestro.shrink": {
        "category": "player",
        "sounds": [
            "maestro/shrink"
        ]
    },
    "main.maestro.thunderclap": {
        "category": "player",
        "sounds": [
            "maestro/thunderclap"
        ]
    },
    "main.maestro.thunderclap.charge": {
        "category": "player",
        "sounds": [
            "maestro/thunderclap_charge"
        ]
    },
    "main.maestro.walk": {
        "category": "player",
        "sounds": [
            "maestro/walk1",
            "maestro/walk2",
            "maestro/walk3"
        ]
    }
}
